{
  "kind": "abstention_nearmiss",
  "bundle_id": "e5-large-instruct__j1__c46c7042f563",
  "query_profile_id": "I1_LEGAL",
  "n_far_domain": 30,
  "n_near_miss": 10,
  "by_split": {
    "development": {
      "n_answerable": 53,
      "all": {
        "auc": 0.9321,
        "best_threshold": 0.9013,
        "balanced_accuracy": 0.8748,
        "tpr": 0.9245,
        "tnr": 0.825,
        "n_answerable": 53,
        "n_unanswerable": 40
      },
      "far_domain": {
        "auc": 0.9686,
        "best_threshold": 0.9013,
        "balanced_accuracy": 0.9289,
        "tpr": 0.9245,
        "tnr": 0.9333,
        "n_answerable": 53,
        "n_unanswerable": 30
      },
      "near_miss": {
        "auc": 0.8226,
        "best_threshold": 0.9049,
        "balanced_accuracy": 0.8151,
        "tpr": 0.8302,
        "tnr": 0.8,
        "n_answerable": 53,
        "n_unanswerable": 10
      }
    },
    "test": {
      "n_answerable": 28,
      "all": {
        "auc": 0.9071,
        "best_threshold": 0.9048,
        "balanced_accuracy": 0.8607,
        "tpr": 0.8214,
        "tnr": 0.9,
        "n_answerable": 28,
        "n_unanswerable": 40
      },
      "far_domain": {
        "auc": 0.9381,
        "best_threshold": 0.9001,
        "balanced_accuracy": 0.8964,
        "tpr": 0.8929,
        "tnr": 0.9,
        "n_answerable": 28,
        "n_unanswerable": 30
      },
      "near_miss": {
        "auc": 0.8143,
        "best_threshold": 0.9048,
        "balanced_accuracy": 0.8107,
        "tpr": 0.8214,
        "tnr": 0.8,
        "n_answerable": 28,
        "n_unanswerable": 10
      }
    }
  },
  "ooc_top1_scores": {
    "q92o_001": 0.9006038904190063,
    "q92o_002": 0.8977497816085815,
    "q92o_003": 0.8882380127906799,
    "q92o_004": 0.905389666557312,
    "q92o_005": 0.8903372287750244,
    "q92o_006": 0.8957417011260986,
    "q92o_007": 0.9121045470237732,
    "q92o_008": 0.8882378339767456,
    "q92o_009": 0.8688914179801941,
    "q92o_010": 0.8799233436584473,
    "q92o_011": 0.8761379718780518,
    "q92o_012": 0.885351300239563,
    "q92o_013": 0.8762478828430176,
    "q92o_014": 0.8737865090370178,
    "q92o_015": 0.8947697877883911,
    "q92o_016": 0.8775181770324707,
    "q92o_017": 0.8896560668945312,
    "q92o_018": 0.8983663320541382,
    "q92o_019": 0.8797516822814941,
    "q92o_020": 0.8914604187011719,
    "q92o_021": 0.8975656032562256,
    "q92o_022": 0.8901190757751465,
    "q92o_023": 0.8965916037559509,
    "q92o_024": 0.8984526991844177,
    "q92o_025": 0.8884395360946655,
    "q92o_026": 0.8913499712944031,
    "q92o_027": 0.892465353012085,
    "q92o_028": 0.8962063789367676,
    "q92o_029": 0.8853540420532227,
    "q92o_030": 0.8901656270027161,
    "q92nm_001": 0.9046734571456909,
    "q92nm_002": 0.8707704544067383,
    "q92nm_003": 0.9096205234527588,
    "q92nm_004": 0.9041153788566589,
    "q92nm_005": 0.885576605796814,
    "q92nm_006": 0.8911158442497253,
    "q92nm_007": 0.9033132791519165,
    "q92nm_008": 0.900434672832489,
    "q92nm_009": 0.8941630125045776,
    "q92nm_010": 0.933949887752533
  }
}