{
  "kind": "generation_robustness_rescore",
  "prompt_fingerprints": {
    "test": "4d85b5f5f509",
    "dev": "4d85b5f5f509"
  },
  "same_config": true,
  "per_source": {
    "test": {
      "answerable": 28,
      "answered": 17,
      "over_abstention_rate": 0.39285714285714285,
      "key_fact": {
        "n": 17,
        "mean": 0.49929971988795513,
        "ci": {
          "mean": 0.49929971988795513,
          "ci_low": 0.3164390756302522,
          "ci_high": 0.656267507002801,
          "seed": 12345,
          "n_resamples": 1000
        }
      },
      "citation_precision": {
        "n": 17,
        "mean": 0.8235294117647058
      },
      "citation_recall": {
        "n": 17,
        "mean": 0.7647058823529411
      },
      "citation_f1": {
        "n": 17,
        "mean": 0.7745098039215685,
        "ci": {
          "mean": 0.7745098039215685,
          "ci_low": 0.5980392156862745,
          "ci_high": 0.9117647058823529,
          "seed": 12345,
          "n_resamples": 1000
        }
      }
    },
    "dev": {
      "answerable": 53,
      "answered": 31,
      "over_abstention_rate": 0.41509433962264153,
      "key_fact": {
        "n": 16,
        "mean": 0.6666666666666666,
        "ci": {
          "mean": 0.6666666666666666,
          "ci_low": 0.48932291666666683,
          "ci_high": 0.8541666666666666,
          "seed": 12345,
          "n_resamples": 1000
        }
      },
      "citation_precision": {
        "n": 16,
        "mean": 0.875
      },
      "citation_recall": {
        "n": 16,
        "mean": 0.9375
      },
      "citation_f1": {
        "n": 16,
        "mean": 0.8958333333333334,
        "ci": {
          "mean": 0.8958333333333333,
          "ci_low": 0.75,
          "ci_high": 1.0,
          "seed": 12345,
          "n_resamples": 1000
        }
      }
    }
  },
  "combined": {
    "answerable": 81,
    "answered": 48,
    "over_abstention_rate": 0.4074074074074074,
    "key_fact": {
      "n": 33,
      "mean": 0.5804473304473303,
      "ci": {
        "mean": 0.5804473304473304,
        "ci_low": 0.44402958152958155,
        "ci_high": 0.7114538239538238,
        "seed": 12345,
        "n_resamples": 1000
      }
    },
    "citation_precision": {
      "n": 33,
      "mean": 0.8484848484848485
    },
    "citation_recall": {
      "n": 33,
      "mean": 0.8484848484848485
    },
    "citation_f1": {
      "n": 33,
      "mean": 0.8333333333333334,
      "ci": {
        "mean": 0.8333333333333334,
        "ci_low": 0.7121212121212122,
        "ci_high": 0.9292929292929292,
        "seed": 12345,
        "n_resamples": 1000
      }
    }
  }
}