DuplicateParentRate@1,DuplicateParentRate@10,DuplicateParentRate@3,DuplicateParentRate@5,EvidenceHit@1,EvidenceHit@10,EvidenceHit@3,EvidenceHit@5,EvidenceRecall@1,EvidenceRecall@10,EvidenceRecall@3,EvidenceRecall@5,ParentHit@1,ParentMRR@10,ParentRecall@1,ParentRecall@10,ParentRecall@3,ParentRecall@5,ParentnDCG@10,UniqueParents@1,UniqueParents@10,UniqueParents@3,UniqueParents@5,model_alias,n_queries,retrieve_latency_p50_ms,retrieve_latency_p95_ms,strategy
0.0,0.22749999999999998,0.15,0.22000000000000003,0.0,0.0,0.0,0.0,0.0,0.0,0.0,0.0,0.725,0.8291666666666666,0.6875,0.975,0.925,0.975,0.8661732909393883,1.0,7.725,2.55,3.9,e5-large-instruct,40,494.898,542.314,dense
0.0,0.17250000000000001,0.09166666666666667,0.09,0.0,0.0,0.0,0.0,0.0,0.0,0.0,0.0,0.425,0.6063492063492063,0.4,0.925,0.75,0.8,0.6832998218120091,1.0,8.275,2.725,4.55,bm25,40,6.613,9.479,bm25
0.0,0.22999999999999998,0.14166666666666666,0.19999999999999998,0.0,0.0,0.0,0.0,0.0,0.0,0.0,0.0,0.725,0.8125,0.6875,0.95,0.925,0.925,0.8449911747635511,1.0,7.7,2.575,4.0,hybrid_rrf,40,492.484,557.799,hybrid_rrf
